filename,AD_Name,sliding_window,test_window_key,test_window_value,train_index,data_shape,output_length,label_length,aligned_length,AUC-PR,AUC-ROC,VUS-PR,VUS-ROC,Standard-F1,Standard-Precision,Standard-Recall,PA-F1,PA-Precision,PA-Recall,Affiliation-F,Affiliation-P,Affiliation-R,F1_T,Precision_T,Recall_T
101_SVDB_id_18_Medical_tr_1851_1st_1951.csv,Time_RCD,0,win_size,10000,1851,230400x2,230000,228549,228549,0.2831069950580325,0.7854435337150178,0.2767895970875756,0.7790104835012858,0.3782116639477977,0.3207522697795071,0.4607502173643025,0.8380343952314405,0.7748536469595485,0.9124332381070674,0.8935171563760551,0.884518932365079,0.9027004421689778,0.3650329113006592,0.3116281032562256,0.4405276179313659
111_SVDB_id_28_Medical_tr_1791_1st_1891.csv,Time_RCD,0,win_size,10000,1791,230400x2,230000,228609,228609,0.3239666526761756,0.8086900035009317,0.3191651326822893,0.8049555381699585,0.4076682983404683,0.3260756868843961,0.5437215650591447,0.7896777980420518,0.7322240796174629,0.8569153776160146,0.8810313480684375,0.8055586739886882,0.9721081251854344,0.4023122489452362,0.3265690803527832,0.5238004922866821
100_SVDB_id_17_Medical_tr_17803_1st_17903.csv,Time_RCD,0,win_size,10000,17803,130400x2,120000,112597,112597,0.4138167580308728,0.9161762891640804,0.3571609795040708,0.9037748076369868,0.4608632040965618,0.3602573266619013,0.6394316163410302,0.7623798515634506,0.7323515661524077,0.7949758944430347,0.8643830628809234,0.7666111130709079,0.9907400535016442,0.4468243420124054,0.3474527597427368,0.6258045434951782
054_GHL_id_23_Sensor_tr_50000_1st_135001.csv,Time_RCD,0,win_size,10000,50000,200001x19,160000,150001,150001,0.017905920193347,0.3752950123800312,0.0180206083964351,0.3745453777793209,0.0323871213564488,0.0169997733363555,0.3414568826995179,0.1744126302022514,0.0955378159860812,1.0,0.6096137855546104,0.6319085497538564,0.5888386926281545,0.0815296843647956,0.042508989572525,0.99353688955307
020_MITDB_id_2_Medical_tr_50000_1st_52315.csv,Time_RCD,0,win_size,10000,50000,650000x2,600000,600000,600000,0.1808973579220776,0.5470686279107504,0.0406128330092864,0.5436804064863323,0.2808888888888889,0.2626766417290108,0.3018147086914995,0.167882626473182,0.0916331174514265,1.0,0.8105207191077825,0.6968416817690917,0.9685200303176152,0.6323302388191223,0.6862501502037048,0.586266279220581
069_SMD_id_13_Facility_tr_5925_1st_12760.csv,Time_RCD,0,win_size,10000,5925,23700x38,20000,17775,17775,0.3728462592794587,0.8075069820507988,0.3688277989293748,0.8074538248253718,0.5247317456163308,0.4169265959658972,0.7077303212142605,0.9828095155408924,0.9671907040328092,0.9989410518884576,0.8714753189641145,0.7971878278609157,0.961030958738887,0.5833126306533813,0.4333937466144562,0.8918041586875916
014_MSL_id_13_Sensor_tr_1525_1st_4575.csv,Time_RCD,0,win_size,7272,1525,6100x55,4575,4575,4575,0.2098938169669743,0.8849687041847623,0.2110886024386261,0.8850278003404944,0.3503649635036496,0.2615803814713896,0.5303867403314917,0.9072681704260652,0.8302752293577982,1.0,0.8651593250849618,0.7655273224043716,0.9946055610904808,0.4417655169963836,0.3745454549789428,0.5383911728858948
078_SMD_id_22_Facility_tr_500_1st_326.csv,Time_RCD,0,win_size,10000,500,23693x38,30000,23193,23193,0.9008449001114616,0.9855910137696816,0.8723550173437256,0.9848628331645876,0.8621219887237315,0.9272326350606396,0.8055555555555556,0.975932043416706,0.9618604651162792,0.9904214559386972,0.9278793625511166,0.8679254830637829,0.9967308667659506,0.6412660479545593,0.8165735602378845,0.5279271006584167
142_CATSv2_id_5_Sensor_tr_30704_1st_30804.csv,Time_RCD,0,win_size,10000,30704,350000x17,320000,319296,319296,0.2217822333711922,0.5775357012400224,0.2012524525231055,0.5774223554550849,0.2748758564334653,0.2971191738007881,0.2557309941520468,0.9523809523809524,0.9090909090909092,1.0,0.7906582206632364,0.6645819721004783,0.975769162042796,0.3110221326351166,0.3057543635368347,0.3164746165275574
169_SMAP_id_26_Sensor_tr_1811_1st_4510.csv,Time_RCD,0,win_size,10000,1811,7244x25,5433,5433,5433,0.4524181454932972,0.6645813726032959,0.4186806496979762,0.6644245142002994,0.5833333333333334,0.8974358974358975,0.4320987654320987,0.8950276243093923,0.81,1.0,0.9984740142123162,1.0,0.9969527782890566,0.6175065040588379,0.9743589758872986,0.4519740343093872
055_GHL_id_24_Sensor_tr_50000_1st_118124.csv,Time_RCD,0,win_size,10000,50000,200001x19,160000,150001,150001,0.0092798353164311,0.6649514070530177,0.0094480626461163,0.6649910523927266,0.0298895590193467,0.015184796103524,0.9454905847373636,0.0766804726982558,0.0398688161846056,1.0,0.6893753695912218,0.5282703594016025,0.9918600542663047,0.059166707098484,0.0305736977607011,0.9132913947105408
038_GHL_id_7_Sensor_tr_50000_1st_100001.csv,Time_RCD,0,win_size,10000,50000,200001x19,160000,150001,150001,0.0072990682777278,0.3016953864860531,0.007349094692263,0.3017223318907686,0.0088632467912538,0.0045944130203931,0.1250737463126843,0.1416454268165294,0.0762208831729472,1.0,0.6718476419943699,0.5638988261388993,0.8309116247504253,0.0641141757369041,0.033149279654026,0.9729671478271484
144_SMAP_id_1_Sensor_tr_2052_1st_5300.csv,Time_RCD,0,win_size,10000,2052,8209x25,6157,6157,6157,0.2419728435748358,0.5433800809018954,0.2389712364492793,0.543390974811863,0.2885674931129476,0.234997195737521,0.3737734165923282,0.9902826855123676,0.9807524059492564,1.0,0.931911734184792,1.0,0.8725045084777637,0.4056550562381744,0.2546654641628265,0.9964357614517212
003_MSL_id_2_Sensor_tr_883_1st_1238.csv,Time_RCD,0,win_size,7272,883,3535x55,2652,2652,2652,0.1655772161797118,0.7537011102426032,0.1632407804171706,0.7535645011869608,0.2915101427498122,0.1758839528558476,0.8508771929824561,0.912,0.8382352941176471,1.0,0.9157107838792105,0.9402077527235876,0.8924580242828738,0.4437491595745086,0.3072100281715393,0.7987546324729919
099_SVDB_id_16_Medical_tr_1115_1st_1215.csv,Time_RCD,0,win_size,10000,1115,230400x2,230000,229285,229285,0.1383358046528707,0.6362105678977159,0.1202971687046687,0.6054278379165642,0.2012329670829636,0.1604280014508523,0.2698761364329733,0.5151743054326667,0.4040737013775634,0.7105375556775886,0.7299523438855282,0.6276040570106584,0.872186754509709,0.1986873298883438,0.1697047650814056,0.2396081387996673
196_Exathlon_id_23_Facility_tr_11665_1st_13484.csv,Time_RCD,0,win_size,10000,11665,46660x18,40000,34995,34995,0.9963559162463484,0.9996518772767604,0.9951854975595876,0.9996363861031404,0.968986905582357,0.9777468706536856,0.9603825136612022,1.0,1.0,1.0,0.9996762448663066,1.0,0.999352799234808,0.969775140285492,0.9838369488716124,0.956109583377838
108_SVDB_id_25_Medical_tr_1238_1st_1338.csv,Time_RCD,0,win_size,10000,1238,230400x2,230000,229162,229162,0.3918833225883367,0.8253388309371704,0.3245845981154437,0.8075553716829951,0.4287189455141833,0.3748274030801912,0.5007094211123723,0.784503631961259,0.8123385503722839,0.7585130533484676,0.9038944288203276,0.8811450041269294,0.92784978124915,0.4411352276802063,0.3577086627483368,0.5753123164176941
124_TAO_id_9_Environment_tr_500_1st_1.csv,Time_RCD,0,win_size,10000,500,10000x3,9500,9500,9500,0.2767061368958263,0.8432704726826273,0.1637169358741455,0.7590163865419367,0.2958963282937365,0.2878151260504201,0.3044444444444444,0.310598111227702,0.294234592445328,0.3288888888888889,0.721852179153101,0.7613213996558121,0.6862737521249492,0.2905000746250152,0.2807630002498626,0.300936758518219
058_SMD_id_2_Facility_tr_1087_1st_1187.csv,Time_RCD,0,win_size,10000,1087,28726x38,30000,27639,27639,0.503265710702259,0.9282605280768244,0.4787678783753021,0.928110246771192,0.5401030169242089,0.4816272965879265,0.6147403685092128,0.9617886178861788,0.934439178515008,0.990787269681742,0.9294679865696752,0.8733051341109312,0.9933511896712088,0.561788022518158,0.4899732768535614,0.6582697033882141
198_Exathlon_id_25_Facility_tr_12538_1st_12638.csv,Time_RCD,0,win_size,10000,12538,129197x19,120000,116659,116659,0.9819816497780168,0.996447730797708,0.9808632818246978,0.9964330304239868,0.9438119495504342,0.9330178376410628,0.9548587395218876,0.999534522885958,0.9990694789081884,1.0,0.9970236523611332,0.996115691578516,0.9979333700512552,0.9431810975074768,0.9320183396339417,0.9546144008636476
091_SVDB_id_8_Medical_tr_500_1st_126.csv,Time_RCD,0,win_size,10000,500,230400x2,230000,229900,229900,0.3067770272956708,0.7503576337715734,0.2599270178008093,0.7218055701455431,0.4094781682641107,0.4291826863450328,0.3915035637515556,0.709784154064883,0.6535440567429904,0.7766150016970246,0.7790983566582094,0.6877546675588171,0.898421773812765,0.3731326162815094,0.4206846952438354,0.3352388739585876
061_SMD_id_5_Facility_tr_7176_1st_15144.csv,Time_RCD,0,win_size,10000,7176,28704x38,30000,21528,21528,0.2690657818578936,0.7373932282928392,0.2452589102874213,0.7372796987605478,0.2511949017525225,0.1974947807933194,0.3450036469730124,0.979635584137192,0.9600840336134454,1.0,0.843081109080475,0.7333831399524193,0.9913680559421834,0.3512731194496155,0.3267571032047272,0.3797663748264313
128_TAO_id_13_Environment_tr_500_1st_7.csv,Time_RCD,0,win_size,10000,500,10000x3,9500,9500,9500,0.2167186791537421,0.6475649812783041,0.1958079681677509,0.4984397181494282,0.3089542036910458,0.2232466249588409,0.5014792899408284,0.3165502288605155,0.2347266881028939,0.4859467455621302,0.4891603600976829,0.638921946611785,0.3962747100300919,0.2862505316734314,0.2013491839170456,0.4949538111686706
002_MSL_id_1_Sensor_tr_500_1st_900.csv,Time_RCD,0,win_size,7272,500,1827x55,1327,1327,1327,0.1100026085114175,0.9595192042000552,0.1166098285424139,0.9595537441282124,0.2413793103448276,0.1489361702127659,0.6363636363636364,0.6285714285714286,0.4583333333333333,1.0,0.7403396208672406,0.5878598342125096,0.9996232102486814,0.4176333844661712,0.2903225719928741,0.7438016533851624
145_SMAP_id_2_Sensor_tr_2133_1st_5400.csv,Time_RCD,0,win_size,10000,2133,8532x25,6399,6399,6399,0.36231911727995,0.8138919889908095,0.3591927050540034,0.8138922668883919,0.5227928447778419,0.4081081081081081,0.7271268057784912,0.9787902592301648,0.9584615384615384,1.0,0.9620814113707084,0.9751836224410064,0.9493267030838736,0.5185954570770264,0.4086799323558807,0.7093868255615234
148_SMAP_id_5_Sensor_tr_2011_1st_5060.csv,Time_RCD,0,win_size,10000,2011,8044x25,6033,6033,6033,0.8374495605037849,0.9936806346296496,0.8080479228073107,0.9936534672645062,0.7878787878787878,0.8524590163934426,0.7323943661971831,0.9403973509933776,0.8875,1.0,0.9997022027208916,1.0,0.999404682695877,0.8898835778236389,0.9027777910232544,0.8773524165153503
025_MITDB_id_7_Medical_tr_37500_1st_88864.csv,Time_RCD,0,win_size,10000,37500,150000x2,120000,112500,112500,0.4382777153843804,0.7250508171809318,0.403656939749833,0.724807839774029,0.4917881811204911,0.5682866264632849,0.4334415584415584,0.9438202247191012,0.8936170212765957,1.0,0.9667471817258224,0.9792614614147622,0.9545488112227996,0.6923672556877136,0.825374186038971,0.5962785482406616
024_MITDB_id_6_Medical_tr_50000_1st_58118.csv,Time_RCD,0,win_size,10000,50000,200000x2,150000,150000,150000,0.4915877686556137,0.9479276168537968,0.2405916650145566,0.9473952118972484,0.4603174603174603,0.7682119205298014,0.3286118980169972,0.365992742353551,0.223984771573604,1.0,0.994971136512956,0.9902593069306932,0.9997281208687442,0.7626796960830688,0.7433155179023743,0.7830798029899597
153_SMAP_id_10_Sensor_tr_1840_1st_4030.csv,Time_RCD,0,win_size,10000,1840,7361x25,5521,5521,5521,0.0267954050645621,0.768942495994303,0.0256456751366368,0.7689692006409116,0.0894568690095846,0.0514705882352941,0.3414634146341463,0.5985401459854015,0.4270833333333333,1.0,0.733472650097718,0.5805560586850207,0.9957501513069832,0.1794584244489669,0.1228070184588432,0.333135038614273
026_MITDB_id_8_Medical_tr_30495_1st_30595.csv,Time_RCD,0,win_size,10000,30495,400000x2,370000,369505,369505,0.5231109430134191,0.8384958461909904,0.496015844553618,0.8217552192576656,0.5772727272727273,0.5938646349820615,0.561582739297831,0.869837321725874,0.9179508890770534,0.8265162200282088,0.9168658187477974,0.888002290583192,0.9476688452515406,0.5740885138511658,0.5912187695503235,0.5579230189323425
081_LTDB_id_3_Medical_tr_500_1st_26.csv,Time_RCD,0,win_size,10000,500,100000x2,100000,99500,99500,0.3137217864354229,0.4998670605111196,0.3152427531146518,0.4683864605653837,0.3834670808525325,0.312643216080402,0.4957766232110413,0.6790888665065469,0.5707742733725498,0.8381410767220221,0.6554186933052539,0.6164697633585229,0.6996212931705847,0.4798457026481628,0.3164112567901611,0.9924939870834352
172_SWaT_id_2_Sensor_tr_23700_1st_23800.csv,Time_RCD,0,win_size,7843,23700,399919x51,376464,376219,376219,0.2251433929416524,0.6158173915608821,0.2181068633827523,0.5940334180790444,0.3263499906017561,0.2232689382527354,0.6062492517658327,0.8982315242962602,0.9132335354035218,0.8837144339359112,0.7298921515044574,0.6083456877288131,0.9121354226044812,0.3390375673770904,0.3161575198173523,0.3654875457286834
008_MSL_id_7_Sensor_tr_656_1st_1630.csv,Time_RCD,0,win_size,7272,656,2625x55,1969,1969,1969,0.2366805347791258,0.8143896615562328,0.2376081570419249,0.8143928845846419,0.4615384615384615,0.3147540983606557,0.8648648648648649,0.9631236442516268,0.9288702928870292,1.0,0.8940165815749065,0.8742437367653935,0.9147046362443954,0.5204969048500061,0.3650190234184265,0.9067012667655944
012_MSL_id_11_Sensor_tr_539_1st_940.csv,Time_RCD,0,win_size,7272,539,2156x55,1617,1617,1617,0.4734469141644832,0.8998406436949763,0.4699248589212237,0.8997655372397397,0.5632183908045977,0.6712328767123288,0.4851485148514851,0.9665071770334928,0.9351851851851852,1.0,0.9788195343502633,0.974025974025974,0.983660610959055,0.6435292363166809,0.5350318551063538,0.8072234988212585
076_SMD_id_20_Facility_tr_5925_1st_17580.csv,Time_RCD,0,win_size,10000,5925,23703x38,20000,17778,17778,0.991425034067215,0.9999245505735038,0.9628056473354756,0.9997782350968872,0.9470588235294116,0.8994413407821229,1.0,0.9498525073746312,0.904494382022472,1.0,0.9997485118313424,1.0,0.999497250073194,0.9498525261878968,0.9044944047927856,1.0
137_CreditCard_id_1_Finance_tr_500_1st_541.csv,Time_RCD,0,win_size,10000,500,284807x29,290000,284307,284307,0.0821521296956288,0.9056988521235564,0.0358657709019299,0.8295535317933471,0.1737193763919821,0.1368421052631579,0.2378048780487804,0.1276978417266187,0.0748945147679324,0.4329268292682927,0.7397457651110252,0.6008019094561549,0.9622886047075544,0.1711373031139373,0.145711600780487,0.2073118239641189
125_TAO_id_10_Environment_tr_500_1st_9.csv,Time_RCD,0,win_size,10000,500,10000x3,9500,9500,9500,0.2349864253797963,0.7478318870130195,0.1870128350974823,0.6204743681671515,0.31852879944483,0.2306532663316582,0.5145739910313901,0.3270651443922095,0.2334611697027804,0.5459641255605381,0.5891845413606525,0.6983239767657368,0.5095484757435426,0.2996690571308136,0.2107429355382919,0.5184271931648254
032_GHL_id_1_Sensor_tr_50000_1st_65001.csv,Time_RCD,0,win_size,10000,50000,200001x19,160000,150001,150001,0.0087666130804881,0.3643395516663331,0.0088204688918297,0.3643044532541397,0.0096763294817217,0.0049622288446877,0.1935135135135135,0.0898145451014661,0.0470187566715803,1.0,0.6720978134709066,0.5225729196441045,0.9414878502900844,0.2109401822090149,0.1187661215662956,0.942106068134308
045_GHL_id_14_Sensor_tr_50000_1st_85076.csv,Time_RCD,0,win_size,10000,50000,200001x19,160000,150001,150001,0.0154633293061385,0.6524737279152422,0.0160494257195683,0.6512480899686887,0.0362303154932626,0.0185598447570864,0.7560700169395822,0.1359953925897485,0.0729587212655516,1.0,0.6692916083308111,0.5069481891653063,0.984595296798116,0.1373217403888702,0.0749790593981742,0.8148110508918762
033_GHL_id_2_Sensor_tr_50000_1st_51001.csv,Time_RCD,0,win_size,10000,50000,200001x19,160000,150001,150001,0.0070195836811023,0.1921030655564145,0.0071068705609298,0.1919270827946855,0.0039298355194669,0.0020133064892468,0.0817541959935029,0.0272493146132757,0.0147568272821343,0.1775852734163508,0.5294029373493071,0.5712863951267674,0.4932413867961968,0.472705066204071,0.4254090487957001,0.5318330526351929
057_SMD_id_1_Facility_tr_4529_1st_4629.csv,Time_RCD,0,win_size,10000,4529,23694x38,20000,19165,19165,0.2712783806742704,0.9230564989964994,0.2632806788716847,0.9228744293698642,0.3450292397660818,0.2857142857142857,0.4354243542435424,0.8998330550918197,0.8216463414634146,0.9944649446494463,0.9001027550087389,0.8296097658510959,0.9836880816777794,0.3868217170238495,0.2994579970836639,0.5461573600769043
036_GHL_id_5_Sensor_tr_50000_1st_67147.csv,Time_RCD,0,win_size,10000,50000,200001x19,160000,150001,150001,0.0114419094357714,0.4027591310779521,0.0114843864187865,0.4027906382950307,0.0207028621706951,0.0106665244463407,0.3504161191414805,0.1745146002140345,0.0955990117666764,1.0,0.6618169078560256,0.4996407096506775,0.9798681771468656,0.1938382536172866,0.1083737164735794,0.9169679880142212
139_CATSv2_id_2_Sensor_tr_5592_1st_5692.csv,Time_RCD,0,win_size,10000,5592,195000x17,190000,189408,189408,0.1689011357615936,0.7135980953025065,0.1651868191862734,0.7132574423587986,0.2600098420793629,0.1844727988319685,0.4403030303030303,0.8859674192626464,0.8382909680908599,0.9393939393939394,0.7846307220084714,0.6480634674746342,0.99412385075442,0.2747887670993805,0.2970122992992401,0.2556594014167785
048_GHL_id_17_Sensor_tr_50000_1st_154001.csv,Time_RCD,0,win_size,10000,50000,200001x19,160000,150001,150001,0.014881217105562,0.2562534185262098,0.015128377386146,0.2200979928175767,0.0276159269695153,0.0144689378757515,0.3022606754116662,0.1890418073227733,0.1090100111234705,0.7111359196204298,0.5959872281012399,0.4916538742336027,0.7565297315297925,0.0469876267015934,0.0240593329071998,0.9995171427726746
192_Exathlon_id_19_Facility_tr_11665_1st_13484.csv,Time_RCD,0,win_size,10000,11665,46660x18,40000,34995,34995,0.9963559162463484,0.9996518772767604,0.9951854975595876,0.9996363861031404,0.968986905582357,0.9777468706536856,0.9603825136612022,1.0,1.0,1.0,0.9996762448663066,1.0,0.999352799234808,0.969775140285492,0.9838369488716124,0.956109583377838
166_SMAP_id_23_Sensor_tr_1113_1st_1890.csv,Time_RCD,0,win_size,10000,1113,4453x25,3340,3340,3340,0.8251667026870433,0.9920005323120826,0.8030405744313674,0.991860061068025,0.8055555555555556,0.935483870967742,0.7073170731707317,0.942528735632184,0.8913043478260869,1.0,0.999541510047428,1.0,0.9990835402366002,0.8169013857841492,0.9666666388511658,0.707317054271698
184_Exathlon_id_11_Facility_tr_11665_1st_13484.csv,Time_RCD,0,win_size,10000,11665,46660x18,40000,34995,34995,0.9963559162463484,0.9996518772767604,0.9951854975595876,0.9996363861031404,0.968986905582357,0.9777468706536856,0.9603825136612022,1.0,1.0,1.0,0.9996762448663066,1.0,0.999352799234808,0.969775140285492,0.9838369488716124,0.956109583377838
161_SMAP_id_18_Sensor_tr_2075_1st_5550.csv,Time_RCD,0,win_size,10000,2075,8302x25,6227,6227,6227,0.1755381280094399,0.655540234165149,0.1663726856695424,0.6555475069770509,0.2055406613047363,0.1497395833333333,0.3276353276353276,0.9551020408163264,0.9140625,1.0,0.9690504195664807,0.9735988437449816,0.964544395169094,0.2033412456512451,0.1489637345075607,0.3202418982982635
197_Exathlon_id_24_Facility_tr_10766_1st_12590.csv,Time_RCD,0,win_size,10000,10766,43066x31,40000,32300,32300,0.8019805751980389,0.8603325297248867,0.8004684414775798,0.860296755317383,0.7879821010014916,0.9364396049632818,0.6801544969652382,1.0,1.0,1.0,0.976644015562127,1.0,0.9543542306668552,0.7809789776802063,0.9348813891410828,0.6705856323242188
047_GHL_id_16_Sensor_tr_50000_1st_77001.csv,Time_RCD,0,win_size,10000,50000,200001x19,160000,150001,150001,0.0120119127854344,0.3060771835886485,0.0120819293824127,0.3060328533076724,0.0095973240705004,0.0049732007146476,0.1367302052785923,0.0693215339233038,0.0367123763235549,0.6202346041055719,0.5676123298885151,0.5120058574591762,0.6367688124978597,0.1645203381776809,0.0897675678133964,0.9836022257804872
073_SMD_id_17_Facility_tr_5926_1st_10620.csv,Time_RCD,0,win_size,10000,5926,23706x38,20000,17780,17780,0.3970284188061393,0.8451917420814479,0.2988321286750038,0.844816459276018,0.4631578947368421,0.4888888888888889,0.44,0.6191950464396285,0.4484304932735426,1.0,0.9840426145771858,0.9720380799201646,0.9963474680203028,0.5266528725624084,0.5,0.5563071370124817
194_Exathlon_id_21_Facility_tr_6985_1st_7085.csv,Time_RCD,0,win_size,10000,6985,46649x12,40000,39664,39664,0.9928857629293218,0.9988127622766187,0.9920418543860624,0.9988052516710164,0.9614980012623606,0.9827956989247312,0.9411037891268532,1.0,1.0,1.0,0.9992220677661696,0.999605896813222,0.9988386332948528,0.961921453475952,0.9801747798919678,0.9443354606628418
080_LTDB_id_2_Medical_tr_500_1st_266.csv,Time_RCD,0,win_size,10000,500,100000x3,100000,99500,99500,0.1503107337956453,0.5134183606819659,0.1511546379115571,0.4591066066637845,0.2396894409937888,0.155448136958711,0.5232542372881356,0.4428649796074129,0.3416123928321742,0.6294237288135593,0.6050932364404016,0.555831010280475,0.663936776163132,0.2618522644042969,0.1523374617099762,0.9315135478973388
039_GHL_id_8_Sensor_tr_50000_1st_63030.csv,Time_RCD,0,win_size,10000,50000,200001x19,160000,150001,150001,0.0081458225541047,0.571541659752141,0.0082253253447749,0.5715527477289293,0.0186164975252399,0.0094532072905694,0.6070205479452054,0.1084745762711864,0.057347670250896,1.0,0.8643065958520039,0.7690277774385795,0.9865334231105126,0.2316696494817733,0.1316304206848144,0.96529358625412
051_GHL_id_20_Sensor_tr_50000_1st_75110.csv,Time_RCD,0,win_size,10000,50000,200001x19,160000,150001,150001,0.0074497014581283,0.5230763045941125,0.0075044733511219,0.5231161335850476,0.0162280874791231,0.0082431529726118,0.5180520570948782,0.1358735953453881,0.0728886168910648,1.0,0.7121053973963867,0.556692225700253,0.9879000806661288,0.1215703412890434,0.0650528594851493,0.9265554547309875
067_SMD_id_11_Facility_tr_1980_1st_2080.csv,Time_RCD,0,win_size,10000,1980,22703x38,30000,20723,20723,0.099966053886186,0.6666581100623785,0.0912047438731029,0.6061743605061415,0.1422986708365911,0.1233898305084745,0.1680517082179132,0.9301121656600516,0.8728744939271255,0.9953831948291784,0.8022196654884234,0.7696370421016963,0.8376831276050657,0.29436194896698,0.2802197933197021,0.3100073933601379
065_SMD_id_9_Facility_tr_737_1st_837.csv,Time_RCD,0,win_size,10000,737,23697x38,30000,22960,22960,0.4918835085113174,0.7824195263228386,0.4874875083434046,0.7823997221041203,0.6201319429665887,0.6332029552368535,0.6075896580483736,0.9823625922887612,0.9665052461662632,0.9987489574645538,0.9032966907298604,0.8420086201335468,0.974207340786852,0.7664453983306885,0.7409725785255432,0.7937319874763489
043_GHL_id_12_Sensor_tr_39938_1st_40038.csv,Time_RCD,0,win_size,10000,39938,200001x19,170000,160063,160063,0.0068321307732639,0.5685960532740673,0.0068850606708751,0.5685700033817289,0.0148489819074281,0.0075219912035185,0.5727878211227403,0.0892569002123142,0.0467131872527667,1.0,0.6850347965051654,0.5366211540507291,0.9469271474356972,0.6546809077262878,0.555068850517273,0.7978647947311401
154_SMAP_id_11_Sensor_tr_2117_1st_4770.csv,Time_RCD,0,win_size,10000,2117,8469x25,6352,6352,6352,0.0161657159205423,0.4597938062287867,0.0161767105953247,0.4598090592094181,0.0378837361201828,0.0197211832709962,0.4793388429752066,0.4053601340033501,0.2542016806722689,1.0,0.663530488499129,0.5128167135871982,0.9397040302267003,0.0833620429039001,0.0434938892722129,1.0
188_Exathlon_id_15_Facility_tr_12538_1st_12638.csv,Time_RCD,0,win_size,10000,12538,129197x19,120000,116659,116659,0.9819816497780168,0.996447730797708,0.9808632818246978,0.9964330304239868,0.9438119495504342,0.9330178376410628,0.9548587395218876,0.999534522885958,0.9990694789081884,1.0,0.9970236523611332,0.996115691578516,0.9979333700512552,0.9431810975074768,0.9320183396339417,0.9546144008636476
182_Exathlon_id_9_Facility_tr_10766_1st_12590.csv,Time_RCD,0,win_size,10000,10766,43066x31,40000,32300,32300,0.8019805751980389,0.8603325297248867,0.8004684414775798,0.860296755317383,0.7879821010014916,0.9364396049632818,0.6801544969652382,1.0,1.0,1.0,0.976644015562127,1.0,0.9543542306668552,0.7809789776802063,0.9348813891410828,0.6705856323242188
079_LTDB_id_1_Medical_tr_3618_1st_3718.csv,Time_RCD,0,win_size,10000,3618,100000x2,100000,96382,96382,0.3623012705741575,0.7895574161780221,0.3555173603024961,0.7802547329680787,0.4504401345451943,0.3478885695334954,0.6387253907042825,0.7627170271093512,0.6936672391822262,0.8470333536296597,0.7690265332301071,0.6542618422722742,0.9326180723367524,0.4433891773223877,0.3452735543251037,0.6194037795066833
015_MSL_id_14_Sensor_tr_575_1st_1250.csv,Time_RCD,0,win_size,7272,575,2303x55,1728,1728,1728,0.2640608852369318,0.6657323055360898,0.2620367646000384,0.6656950552584586,0.3791374122367101,0.271551724137931,0.627906976744186,0.980456026058632,0.9616613418530352,1.0,0.9089068061173046,0.8981481481481483,0.9199264411837088,0.5391091108322144,0.4076433181762695,0.7957353591918945
160_SMAP_id_17_Sensor_tr_1832_1st_5300.csv,Time_RCD,0,win_size,10000,1832,7331x25,5499,5499,5499,0.0836038028066755,0.5163486456005882,0.0828750550444344,0.516321025539497,0.1494684177611006,0.0869090909090909,0.5334821428571429,0.9481481481481482,0.9014084507042254,1.0,0.757132984352563,0.6366133555383275,0.9339409113345284,0.2041094750165939,0.1137115210294723,0.9955406785011292
056_GHL_id_25_Sensor_tr_50000_1st_105568.csv,Time_RCD,0,win_size,10000,50000,200001x19,160000,150001,150001,0.0152900088391074,0.3858787334725455,0.0156922155945014,0.375735315784363,0.0264636253119201,0.0137864828468953,0.3288804071246819,0.176739313876684,0.0972680395862024,0.9659669211195928,0.6307896449294355,0.5389721547676961,0.7603143702220551,0.103066548705101,0.0543436519801616,0.996487557888031
042_GHL_id_11_Sensor_tr_50000_1st_150001.csv,Time_RCD,0,win_size,10000,50000,200001x19,160000,150001,150001,0.0077660101512747,0.38966027095034,0.007870383729701,0.3891326142231783,0.0179590554479292,0.0091649966599866,0.44372574385511,0.0838031222896791,0.0437340876944837,1.0,0.6922743699001438,0.5332240723438912,0.9865400859116752,0.0281307008117437,0.0142847346141934,0.9158353805541992
046_GHL_id_15_Sensor_tr_50000_1st_156462.csv,Time_RCD,0,win_size,10000,50000,200001x19,160000,150001,150001,0.0654013316384298,0.9414841327116058,0.0635768686778712,0.9414821903963928,0.1508769553734678,0.0823477232406859,0.8991121872477804,0.6344086021505376,0.4645669291338583,1.0,0.7990816802366971,0.6686096020085938,0.992820125885736,0.2046447992324829,0.1148437485098838,0.938483715057373
117_TAO_id_2_Environment_tr_500_1st_1.csv,Time_RCD,0,win_size,10000,500,10000x3,9500,9500,9500,0.2173410082279942,0.6635629807136287,0.1968885835952105,0.520395973532949,0.3102818900831474,0.2115012441249654,0.5821917808219178,0.315439672801636,0.2374903772132409,0.469558599695586,0.4748642010419048,0.6285353525552579,0.3815731318413897,0.2844346165657043,0.1897809207439422,0.5674533843994141
064_SMD_id_8_Facility_tr_2272_1st_2372.csv,Time_RCD,0,win_size,10000,2272,21203x38,20000,18931,18931,0.461433088337454,0.8187601382644009,0.387895863466612,0.7794521627522332,0.4982078853046595,0.4674887892376682,0.5332480818414322,0.9042553191489362,0.9418282548476454,0.8695652173913043,0.8841649407648405,0.8237322800770223,0.9541669778634017,0.5161857604980469,0.6610169410705566,0.4234142005443573
143_CATSv2_id_6_Sensor_tr_50000_1st_60232.csv,Time_RCD,0,win_size,10000,50000,200000x17,150000,150000,150000,0.2310227465602167,0.7934538039383561,0.2044033839582995,0.7931995879403132,0.292583918813427,0.3896049896049896,0.23425,0.8888888888888888,0.8,1.0,0.7654399824560424,0.6250223809583956,0.9872316929927772,0.3720516860485077,0.4209583401679992,0.333326131105423
097_SVDB_id_14_Medical_tr_1031_1st_1131.csv,Time_RCD,0,win_size,10000,1031,230400x2,230000,229369,229369,0.4228414966027475,0.7858455641505909,0.4073556818228199,0.7804111379594754,0.4211077476887834,0.3861249474884474,0.4630609233869516,0.9102620821462069,0.895508356545961,0.9255100939220556,0.9262794890434802,0.905146860263044,0.9484225864277922,0.4094442427158355,0.3862515091896057,0.4356001317501068
162_SMAP_id_19_Sensor_tr_1908_1st_4690.csv,Time_RCD,0,win_size,10000,1908,7632x25,5724,5724,5724,0.8145648535531312,0.972603593547254,0.6993696785153087,0.9723231132743664,0.7575757575757576,0.7142857142857143,0.8064516129032258,0.6888888888888889,0.5254237288135594,1.0,0.9993062927343896,1.0,0.9986136471224724,0.777417778968811,0.699999988079071,0.8740894794464111
106_SVDB_id_23_Medical_tr_37500_1st_121963.csv,Time_RCD,0,win_size,10000,37500,150000x2,120000,112500,112500,0.0379027520615377,0.8208566308975813,0.0373317191350554,0.8207439419277632,0.1026615969581749,0.08980044345898,0.1198224852071005,0.5659271661783173,0.3946293053123175,1.0,0.6505960398817957,0.4821469976464758,0.9999523011176856,0.1123174801468849,0.0739371553063392,0.2335538268089294
075_SMD_id_19_Facility_tr_564_1st_664.csv,Time_RCD,0,win_size,10000,564,23696x38,30000,23132,23132,0.7318252952782037,0.9574530822183548,0.5776931707658057,0.9521904545480938,0.7807881773399015,0.8025316455696202,0.7601918465227818,0.8988235294117647,0.8822170900692841,0.9160671462829736,0.8662586931238766,0.8174261475005805,0.9212964968163564,0.4210134446620941,0.3702127635478973,0.4879732429981231
016_MSL_id_15_Sensor_tr_500_1st_780.csv,Time_RCD,0,win_size,7272,500,1096x55,596,596,596,0.5117273828833482,0.7491514167650531,0.5094053702954286,0.7490499557260921,0.5232558139534884,0.75,0.4017857142857143,0.986784140969163,0.9739130434782608,1.0,0.8859912832085863,0.8107604337255898,0.976611656470767,0.4631790220737457,0.5229358077049255,0.4156786799430847
157_SMAP_id_14_Sensor_tr_2126_1st_5000.csv,Time_RCD,0,win_size,10000,2126,8505x25,6379,6379,6379,0.1639745023438783,0.8385487967825329,0.1553173879876879,0.838524954956895,0.260559796437659,0.1558125380401704,0.7950310559006211,0.9252873563218392,0.8609625668449198,1.0,0.8615094304237283,0.7828434493616965,0.9577516047907412,0.257934421300888,0.1564039438962936,0.7351817488670349
191_Exathlon_id_18_Facility_tr_11665_1st_13484.csv,Time_RCD,0,win_size,10000,11665,46660x18,40000,34995,34995,0.9963559162463484,0.9996518772767604,0.9951854975595876,0.9996363861031404,0.968986905582357,0.9777468706536856,0.9603825136612022,1.0,1.0,1.0,0.9996762448663066,1.0,0.999352799234808,0.969775140285492,0.9838369488716124,0.956109583377838
044_GHL_id_13_Sensor_tr_50000_1st_145001.csv,Time_RCD,0,win_size,10000,50000,200001x19,160000,150001,150001,0.0079137883857581,0.2922967439839533,0.0079760879191606,0.2914387514864581,0.0063760572543916,0.0032666231116918,0.1325040562466198,0.0632682479360503,0.0332451936319065,0.6527852893455922,0.6863459834416914,0.5390788087800162,0.9443176556813077,0.040103044360876,0.0204680860042572,0.985237181186676
034_GHL_id_3_Sensor_tr_50000_1st_122001.csv,Time_RCD,0,win_size,10000,50000,200001x19,160000,150001,150001,0.0094133140789691,0.3663144831400153,0.0102693207091142,0.3111487366980643,0.0229329173166926,0.0117598432020906,0.4596143824908806,0.0724893398029701,0.0389954518489222,0.5138092756644086,0.6792276313715867,0.5263651278973928,0.9572136408230956,0.0468816086649894,0.0240649431943893,0.903806209564209
030_MITDB_id_12_Medical_tr_50000_1st_84572.csv,Time_RCD,0,win_size,10000,50000,620000x2,570000,570000,570000,0.0585638707115182,0.5605776075760133,0.0587945548808186,0.5527244811186764,0.1120263085103113,0.0705185873066542,0.2723095887340779,0.6067831373841702,0.5951859170109575,0.6188412834783908,0.6798564996747123,0.5542235155194357,0.8791433774442373,0.1088809370994567,0.0683856159448623,0.2669705748558044
084_SVDB_id_1_Medical_tr_12973_1st_13073.csv,Time_RCD,0,win_size,10000,12973,230400x2,220000,217427,217427,0.1643014712297024,0.7567797546089876,0.1052856864472922,0.7402418419771125,0.2714025500910746,0.2930186823992133,0.2527565733672604,0.5219985085756897,0.55239898989899,0.4947695787390443,0.7793777413546752,0.6502412781634402,0.97251770102221,0.2608264982700348,0.2969271838665008,0.23255255818367
050_GHL_id_19_Sensor_tr_43750_1st_55001.csv,Time_RCD,0,win_size,10000,43750,175001x19,140000,131251,131251,0.1065733455268624,0.9664800195888932,0.1101564866702155,0.9664896548880224,0.2199719918129914,0.125214618592102,0.9043401240035428,0.6434881732687375,0.4743697478991596,1.0,0.7315875929453879,0.5767778600729221,0.9999892699792609,0.7484256029129028,0.5979872941970825,1.0
115_PSM_id_1_Facility_tr_50000_1st_129872.csv,Time_RCD,0,win_size,10000,50000,217624x25,170000,167624,167624,0.2349018254492818,0.6538460629897217,0.2238064776423179,0.6281951279366819,0.3352017086418682,0.2278206790851214,0.6340593084779131,0.9133441822620016,0.9060091206263368,0.9207989828144868,0.8208687684856486,0.7427991396739292,0.9172764066279075,0.3838478624820709,0.3010786771774292,0.5293787717819214
089_SVDB_id_6_Medical_tr_50000_1st_83083.csv,Time_RCD,0,win_size,10000,50000,230400x2,190000,180400,180400,0.0335343531507236,0.6394864283982236,0.0327202481369074,0.6093280519146463,0.0960298122402178,0.0617739258712889,0.2155727155727155,0.7051009564293305,0.6004524886877828,0.853925353925354,0.7198363914138461,0.5682625365118611,0.98168283348045,0.129704549908638,0.0776911824941635,0.392436146736145
185_Exathlon_id_12_Facility_tr_11665_1st_13484.csv,Time_RCD,0,win_size,10000,11665,46660x18,40000,34995,34995,0.9963559162463484,0.9996518772767604,0.9951854975595876,0.9996363861031404,0.968986905582357,0.9777468706536856,0.9603825136612022,1.0,1.0,1.0,0.9996762448663066,1.0,0.999352799234808,0.969775140285492,0.9838369488716124,0.956109583377838
006_MSL_id_5_Sensor_tr_1150_1st_1250.csv,Time_RCD,0,win_size,7272,1150,5054x55,3904,3904,3904,0.0801060977183168,0.3800730476759009,0.0805319133962438,0.3774100492394941,0.1132879045996592,0.069090909090909,0.3144208037825059,0.6063348416289592,0.8375,0.475177304964539,0.7247838484204042,0.6085166875252485,0.8959747348267104,0.2906691431999206,0.1722105294466018,0.9312472343444824
087_SVDB_id_4_Medical_tr_5421_1st_5521.csv,Time_RCD,0,win_size,10000,5421,230400x2,230000,224979,224979,0.3466945399277412,0.831428535626048,0.3237458277928887,0.8253530693667255,0.426019149146185,0.3681756141947225,0.5054258724334453,0.7832753158368209,0.7848408841511209,0.7817159809508939,0.8927985865651353,0.8344213573184763,0.9599586811442437,0.4197448194026947,0.3710011541843414,0.4832340776920318
066_SMD_id_10_Facility_tr_2634_1st_2734.csv,Time_RCD,0,win_size,10000,2634,23687x38,30000,21053,21053,0.4231080630574587,0.8519061547695013,0.4062503132317834,0.8518528038948412,0.4639423076923077,0.3811718235681369,0.5926305015353122,0.9716558925907508,0.9448742746615088,1.0,0.9372916839013172,0.8986198370469526,0.9794417843728028,0.5962761044502258,0.4808259606361389,0.7846851348876953
183_Exathlon_id_10_Facility_tr_11665_1st_13484.csv,Time_RCD,0,win_size,10000,11665,46660x18,40000,34995,34995,0.9963559162463484,0.9996518772767604,0.9951854975595876,0.9996363861031404,0.968986905582357,0.9777468706536856,0.9603825136612022,1.0,1.0,1.0,0.9996762448663066,1.0,0.999352799234808,0.969775140285492,0.9838369488716124,0.956109583377838
005_MSL_id_4_Sensor_tr_855_1st_2700.csv,Time_RCD,0,win_size,7272,855,3422x55,2567,2567,2567,0.0824243577466,0.7565343986998916,0.0827595166739049,0.7567093264716503,0.15,0.1162790697674418,0.2112676056338028,0.8502994011976048,0.7395833333333334,1.0,0.7365056929270545,0.5850764722819738,0.993692972012049,0.1714145839214325,0.1456310749053955,0.208292007446289
179_Exathlon_id_6_Facility_tr_11665_1st_13484.csv,Time_RCD,0,win_size,10000,11665,46660x31,40000,34995,34995,0.991841071422918,0.9990325498473908,0.9904698800729403,0.9990122020390708,0.9648518263266712,0.9735744089012516,0.9562841530054644,1.0,1.0,1.0,0.9995028375218746,0.9996025500166548,0.9994032448982316,0.9639869928359984,0.9785739183425904,0.9498286247253418
158_SMAP_id_15_Sensor_tr_2075_1st_5610.csv,Time_RCD,0,win_size,10000,2075,8300x25,6225,6225,6225,0.4024504075796469,0.92873941558793,0.3511588446923553,0.92867299394333,0.4897959183673469,0.75,0.3636363636363636,0.7857142857142857,0.6470588235294118,1.0,0.9916960967503072,0.988273092369478,0.9951429962273336,0.4897959232330322,0.75,0.3636363744735718
175_Exathlon_id_2_Facility_tr_10684_1st_10784.csv,Time_RCD,0,win_size,10000,10684,46656x8,40000,35972,35972,0.8872443409615377,0.9272707227685336,0.8855128466632685,0.9272500597799088,0.868365479374912,0.9300361881785284,0.8143649326643781,1.0,1.0,1.0,0.9879847831349928,1.0,0.9762549667919256,0.8613141179084778,0.9215279817581176,0.8084864616394043
031_MITDB_id_13_Medical_tr_50000_1st_79433.csv,Time_RCD,0,win_size,10000,50000,450000x2,400000,400000,400000,0.0464568801673508,0.4857945028718092,0.0257199305728259,0.4677347986681264,0.0565018015067147,0.1434511434511434,0.0351789538085041,0.5008783174286664,0.46863894811656,0.5378811053329254,0.6265137290056179,0.4635934640870894,0.9659914265134713,0.051583494991064,0.02649712190032,0.968856394290924
170_SMAP_id_27_Sensor_tr_2160_1st_4690.csv,Time_RCD,0,win_size,10000,2160,8640x25,6480,6480,6480,0.019503945890963,0.6471802419169389,0.0194520678322887,0.6471057351791382,0.0468085106382978,0.0249056603773584,0.388235294117647,0.7264957264957265,0.5704697986577181,1.0,0.6692898875414742,0.5032251721845101,0.9989415395787946,0.0934506654739379,0.0536585375666618,0.3616239428520202
060_SMD_id_4_Facility_tr_7176_1st_10609.csv,Time_RCD,0,win_size,10000,7176,28705x38,30000,21529,21529,0.3388316308798847,0.9297262875973624,0.2974413245307143,0.9296551588545564,0.3261538461538461,0.4907407407407407,0.2442396313364055,0.8875255623721882,0.7977941176470589,1.0,0.828381003425304,0.7128256716375955,0.9886500108560172,0.3521049320697784,0.2359198927879333,0.6937708854675293
105_SVDB_id_22_Medical_tr_500_1st_417.csv,Time_RCD,0,win_size,10000,500,150000x2,150000,149500,149500,0.19350801178959,0.6263482511509586,0.1722114893903025,0.6202660025304106,0.2465137201979307,0.2360034453057709,0.2580037664783427,0.730836990294372,0.6174830852503383,0.8951663527934715,0.8525956531077948,0.7935451688323408,0.9211411069079144,0.2460228055715561,0.2422507256269455,0.2499142289161682
152_SMAP_id_9_Sensor_tr_2073_1st_5600.csv,Time_RCD,0,win_size,10000,2073,8294x25,6221,6221,6221,0.1084290107412346,0.5364715666085855,0.1002352245731846,0.5364000211204393,0.1268115942028985,0.1515151515151515,0.1090342679127725,0.9413489736070382,0.889196675900277,1.0,0.9641649610738804,0.9712586400900176,0.957174248012335,0.1532219648361206,0.0829671770334243,1.0
121_TAO_id_6_Environment_tr_500_1st_7.csv,Time_RCD,0,win_size,10000,500,10000x3,9500,9500,9500,0.2167186791537421,0.6475649812783041,0.1958079681677509,0.4984397181494282,0.3089542036910458,0.2232466249588409,0.5014792899408284,0.3165502288605155,0.2347266881028939,0.4859467455621302,0.4891603600976829,0.638921946611785,0.3962747100300919,0.2862505316734314,0.2013491839170456,0.4949538111686706
127_TAO_id_12_Environment_tr_500_1st_24.csv,Time_RCD,0,win_size,10000,500,10000x3,9500,9500,9500,0.3296855903892451,0.8421010055934992,0.183942485017363,0.7514134248775194,0.3214285714285714,0.3287671232876712,0.314410480349345,0.3311111111111111,0.33710407239819,0.3253275109170305,0.7160467727723155,0.7583989261711523,0.678174764940864,0.3146854043006897,0.3197861909866333,0.3097447752952575
013_MSL_id_12_Sensor_tr_554_1st_1200.csv,Time_RCD,0,win_size,7272,554,2218x55,1664,1664,1664,0.0896535640231474,0.7212595097210481,0.0906917296499225,0.7213886540809618,0.2461538461538461,0.2051282051282051,0.3076923076923077,0.7428571428571429,0.5909090909090909,1.0,0.7306704333905548,0.6388221153846154,0.8533653846153846,0.3868471980094909,0.342857152223587,0.4437869787216186
022_MITDB_id_4_Medical_tr_50000_1st_54253.csv,Time_RCD,0,win_size,10000,50000,300000x2,250000,250000,250000,0.2417485028575622,0.5072733651126415,0.1480556274785767,0.4840942794994141,0.3238520347594852,0.4390934844192634,0.2565259911231475,0.6131630328669053,0.6675228057745106,0.5669901451891973,0.7235748700721815,0.6965602236637208,0.7527695840491849,0.3306285440921783,0.4442059993743896,0.2633050084114074
119_TAO_id_4_Environment_tr_500_1st_1.csv,Time_RCD,0,win_size,10000,500,10000x3,9500,9500,9500,0.2025759150261841,0.7358706439130946,0.1709648038326083,0.6168203207276299,0.2859795728876508,0.1972672929120409,0.5196850393700787,0.2892976588628762,0.1922934420155613,0.5838020247469067,0.5614416222758277,0.6839604183394278,0.4761485431132304,0.2705937623977661,0.1840300410985946,0.5109188556671143
146_SMAP_id_3_Sensor_tr_2128_1st_5000.csv,Time_RCD,0,win_size,10000,2128,8514x25,6386,6386,6386,0.178443307178634,0.8772259154239793,0.1752398056565678,0.8772268893532831,0.3539568345323741,0.2246575342465753,0.8338983050847457,0.9147286821705426,0.8428571428571429,1.0,0.867618491058074,0.8627309940647157,0.8725617814633224,0.3414901196956634,0.2246575355529785,0.7115079164505005
112_SVDB_id_29_Medical_tr_8226_1st_8326.csv,Time_RCD,0,win_size,10000,8226,230400x2,230000,222174,222174,0.0207816830740863,0.570268776604395,0.0189720924344232,0.5498810161923269,0.0801296214464575,0.0643026004728132,0.1062915201250488,0.2786311787072243,0.2280876494023904,0.3579523251270027,0.6645224781815545,0.4991552398194461,0.9937443585933384,0.0759832039475441,0.0612028799951076,0.1001752540469169
159_SMAP_id_16_Sensor_tr_1757_1st_2650.csv,Time_RCD,0,win_size,10000,1757,7029x25,5272,5272,5272,0.6157095014752498,0.8756647666941074,0.5223763182060013,0.8615484478089172,0.6887417218543046,0.8432432432432433,0.582089552238806,0.8821138211382114,0.96875,0.8097014925373134,0.8941600164167811,0.8300975112781644,0.9689375652276672,0.5986946821212769,0.8291457295417786,0.4684849679470062
122_TAO_id_7_Environment_tr_500_1st_19.csv,Time_RCD,0,win_size,10000,500,10000x3,9500,9500,9500,0.2623221138948299,0.7455843467977298,0.1886857924365817,0.6207269472209317,0.3089700996677741,0.2210076045627376,0.5132450331125827,0.3157894736842105,0.2412587412587412,0.4569536423841059,0.5839219418435464,0.6918678397572169,0.5051136931691054,0.2924179136753082,0.205403059720993,0.5073439478874207
068_SMD_id_12_Facility_tr_1099_1st_1199.csv,Time_RCD,0,win_size,10000,1099,28713x38,30000,27614,27614,0.7190330162057238,0.9492894036941316,0.6718858746121623,0.949114227357707,0.7088607594936709,0.784,0.6468646864686468,0.8911764705882353,0.8037135278514589,1.0,0.9978191897599016,0.9997860605703744,0.9958601421793328,0.6510037183761597,0.7517985701560974,0.5740410685539246
010_MSL_id_9_Sensor_tr_554_1st_1172.csv,Time_RCD,0,win_size,7272,554,2217x55,1663,1663,1663,0.0340813718966869,0.4369374283999782,0.0340366251453206,0.4368828760024002,0.0626398210290827,0.0339393939393939,0.4057971014492754,0.5655737704918032,0.3942857142857143,1.0,0.7372948432468419,0.6446181599518942,0.8610944076969332,0.1795427799224853,0.1012006849050521,0.7948808670043945
059_SMD_id_3_Facility_tr_757_1st_857.csv,Time_RCD,0,win_size,10000,757,23689x38,30000,22932,22932,0.5831180037088656,0.9749779663132692,0.498725686568721,0.9747211977927108,0.5368916797488226,0.4646739130434782,0.6356877323420075,0.8288854003139717,0.717391304347826,0.9814126394052044,0.8932971853655507,0.8167301531677534,0.9857054690884312,0.5589668154716492,0.4503464102745056,0.7366390228271484
027_MITDB_id_9_Medical_tr_25000_1st_52255.csv,Time_RCD,0,win_size,10000,25000,100000x2,80000,75000,75000,0.7957369130647929,0.9754435081725562,0.70491865683554,0.9751866131768412,0.761433868974042,0.8191489361702128,0.7113163972286374,0.6835043409629045,0.5191846522781774,1.0,0.9997269347593952,1.0,0.999454118552733,0.8089097738265991,0.8834688067436218,0.7459558248519897
151_SMAP_id_8_Sensor_tr_1971_1st_4870.csv,Time_RCD,0,win_size,10000,1971,7884x25,5913,5913,5913,0.0292057218899098,0.6965846161662349,0.0290426372639308,0.6964713627665159,0.0856531049250535,0.0518134715025906,0.2469135802469135,0.7330316742081447,0.5785714285714286,1.0,0.775153061073814,0.6753762895315407,0.9095213935396584,0.1602590829133987,0.1179775297641754,0.2497751265764236
077_SMD_id_21_Facility_tr_3026_1st_3126.csv,Time_RCD,0,win_size,10000,3026,21207x38,20000,18181,18181,0.4845962309012419,0.8540888531492332,0.4549575865182919,0.8536539275933871,0.5478424015009381,0.4807903402854007,0.6366279069767442,0.9321789321789322,0.9255014326647564,0.938953488372093,0.9472196670756649,0.9237875181894531,0.9718715853576736,0.5427032709121704,0.5641891956329346,0.5227937698364258
176_Exathlon_id_3_Facility_tr_10766_1st_12590.csv,Time_RCD,0,win_size,10000,10766,43066x31,40000,32300,32300,0.8019805751980389,0.8603325297248867,0.8004684414775798,0.860296755317383,0.7879821010014916,0.9364396049632818,0.6801544969652382,1.0,1.0,1.0,0.976644015562127,1.0,0.9543542306668552,0.7809789776802063,0.9348813891410828,0.6705856323242188
035_GHL_id_4_Sensor_tr_50000_1st_90001.csv,Time_RCD,0,win_size,10000,50000,200001x19,160000,150001,150001,0.0131729333457265,0.3786872665908734,0.0139262076079466,0.3710709778597093,0.0279954399180339,0.0145680643998558,0.3575377810541835,0.0828729281767955,0.0448301886792452,0.547364541098415,0.6158734352204811,0.6001741465782008,0.6324162108124511,0.1114362254738807,0.0590596348047256,0.984788179397583
156_SMAP_id_13_Sensor_tr_1173_1st_2750.csv,Time_RCD,0,win_size,10000,1173,4693x25,3520,3520,3520,0.739069704004664,0.982590903181682,0.7040378529568697,0.9826361216149764,0.6782608695652174,0.609375,0.7647058823529411,0.918918918918919,0.85,1.0,0.999202746345162,1.0,0.998406862745098,0.8088070154190063,0.9729729890823364,0.6920415163040161
186_Exathlon_id_13_Facility_tr_10766_1st_12590.csv,Time_RCD,0,win_size,10000,10766,43066x31,40000,32300,32300,0.8019805751980389,0.8603325297248867,0.8004684414775798,0.860296755317383,0.7879821010014916,0.9364396049632818,0.6801544969652382,1.0,1.0,1.0,0.976644015562127,1.0,0.9543542306668552,0.7809789776802063,0.9348813891410828,0.6705856323242188
092_SVDB_id_9_Medical_tr_2674_1st_2774.csv,Time_RCD,0,win_size,10000,2674,230400x2,230000,227726,227726,0.1140159521188409,0.6104843579647201,0.1012291436075992,0.6081003037905309,0.1726471077588597,0.1299248747913188,0.257230209882664,0.7542792568218832,0.6309146510981374,0.9376136175838704,0.8053657760557118,0.7096627731024574,0.9309049522824484,0.239754632115364,0.1977607011795044,0.3043912649154663
088_SVDB_id_5_Medical_tr_500_1st_168.csv,Time_RCD,0,win_size,10000,500,230400x2,230000,229900,229900,0.1053756091564558,0.4871656492110954,0.0978475435438182,0.4507077271207108,0.1577055204921307,0.0944497607655502,0.4775036284470246,0.5002311604253352,0.4789729969012837,0.5234639574262215,0.6222645420378361,0.4815549091662802,0.8791514158634667,0.1801761388778686,0.0990417823195457,0.9965119957923888
163_SMAP_id_20_Sensor_tr_2051_1st_4575.csv,Time_RCD,0,win_size,10000,2051,8205x25,6154,6154,6154,0.0212494076206796,0.3525838522298135,0.0213353278384584,0.3526739384242843,0.0302171860245514,0.0160481444332999,0.2580645161290322,0.859122401847575,0.7530364372469636,1.0,0.7610176378197127,0.6377055573610659,0.9434514137146572,0.1255937963724136,0.0670532807707786,0.9892762303352356
141_CATSv2_id_4_Sensor_tr_41727_1st_41827.csv,Time_RCD,0,win_size,10000,41727,195000x17,160000,153273,153273,0.4711887238544824,0.8475903607668172,0.4277187860732785,0.8451479561776086,0.512890893049701,0.6082306440362706,0.4433898305084746,0.8667963912966566,0.9064002959674436,0.8305084745762712,0.894429435788701,0.814352732345519,0.991971841238756,0.4932334721088409,0.4830797910690307,0.5038231611251831
086_SVDB_id_3_Medical_tr_533_1st_633.csv,Time_RCD,0,win_size,10000,533,230400x2,230000,229867,229867,0.1656336142597948,0.6579236004457377,0.147732068697286,0.6206855568657947,0.2664424399938847,0.2627231066087795,0.2702685937596923,0.5622823659374174,0.4587382445141066,0.7261956454314249,0.7740936603351015,0.698443952702463,0.8681215627403813,0.25508913397789,0.2532401382923126,0.256965309381485
109_SVDB_id_26_Medical_tr_1038_1st_1138.csv,Time_RCD,0,win_size,10000,1038,230400x2,230000,229362,229362,0.1881742507076799,0.6111824120304044,0.1489730022346179,0.5177986018975435,0.2683645304200589,0.2594984972861436,0.2778578290105667,0.5100801803417271,0.5465224790031289,0.4781940441882805,0.6521981017125388,0.6300558393102761,0.6759534631236759,0.2481209337711334,0.2348415851593017,0.2629920840263366
110_SVDB_id_27_Medical_tr_30824_1st_30924.csv,Time_RCD,0,win_size,10000,30824,230400x2,200000,199576,199576,0.0535905389711195,0.5380527936456879,0.0504475793886047,0.508445712448756,0.0999821715100731,0.0694128131498168,0.1786670064992991,0.5138775705862615,0.4118641463039803,0.6830635911813432,0.6400696219584681,0.4922727264382774,0.9146908248367072,0.0976434648036956,0.0695015117526054,0.1640822142362594
017_MSL_id_16_Sensor_tr_512_1st_1850.csv,Time_RCD,0,win_size,7272,512,2049x55,1537,1537,1537,0.7178117758984145,0.9674090190518098,0.7179736430025825,0.9673906843331868,0.8219895287958116,0.7810945273631841,0.8674033149171271,0.9836956521739132,0.9679144385026738,1.0,0.9582120153284832,0.9206052040829518,0.999022275581692,0.8078405857086182,0.7655502557754517,0.8550765514373779
180_Exathlon_id_7_Facility_tr_10766_1st_12590.csv,Time_RCD,0,win_size,10000,10766,43066x31,40000,32300,32300,0.8019805751980389,0.8603325297248867,0.8004684414775798,0.860296755317383,0.7879821010014916,0.9364396049632818,0.6801544969652382,1.0,1.0,1.0,0.976644015562127,1.0,0.9543542306668552,0.7809789776802063,0.9348813891410828,0.6705856323242188
019_MITDB_id_1_Medical_tr_37500_1st_103211.csv,Time_RCD,0,win_size,10000,37500,150000x2,120000,112500,112500,0.2313470858072936,0.5716608800962907,0.2318069851495272,0.5716699355328461,0.3115723422227585,0.248971457958344,0.4162278344975819,0.9801959338459918,0.961161037082946,1.0,0.7092261605778305,0.5511221461907915,0.9945350686011096,0.3650606870651245,0.3015840947628021,0.4623814821243286
018_Daphnet_id_1_HumanActivity_tr_9693_1st_20732.csv,Time_RCD,0,win_size,10000,9693,38774x9,30000,29081,29081,0.1435762982451974,0.7620887175338479,0.1458840709110667,0.7607682012768487,0.2871473354231975,0.1809459306919517,0.6951431049436253,0.7190935227464907,0.5894094815636263,0.92194275802255,0.8688945275952644,0.7817117794830573,0.977965129691402,0.4173826277256012,0.3051897883415222,0.6600152850151062
118_TAO_id_3_Environment_tr_500_1st_7.csv,Time_RCD,0,win_size,10000,500,10000x3,9500,9500,9500,0.3515192442377335,0.8575444589224653,0.2032172701349569,0.7735660147255036,0.3418803418803419,0.3426124197002141,0.3411513859275053,0.347547974413646,0.347547974413646,0.347547974413646,0.7449191887155028,0.7584008195036804,0.7319085923823758,0.3356044590473175,0.3345488905906677,0.3366666734218597
200_Exathlon_id_27_Facility_tr_10766_1st_12590.csv,Time_RCD,0,win_size,10000,10766,43066x31,40000,32300,32300,0.8019805751980389,0.8603325297248867,0.8004684414775798,0.860296755317383,0.7879821010014916,0.9364396049632818,0.6801544969652382,1.0,1.0,1.0,0.976644015562127,1.0,0.9543542306668552,0.7809789776802063,0.9348813891410828,0.6705856323242188
085_SVDB_id_2_Medical_tr_50000_1st_54982.csv,Time_RCD,0,win_size,10000,50000,230400x2,190000,180400,180400,0.0953643699001616,0.636654699334926,0.0850387591144666,0.6171205210685318,0.1581871472942823,0.1266017785869337,0.2107717416647237,0.5427588300779274,0.4795243204577968,0.6252040102588016,0.7627827031310516,0.6911364398855552,0.8510013846964619,0.1744382083415985,0.1438713073730468,0.2214975506067276
074_SMD_id_18_Facility_tr_7174_1st_21230.csv,Time_RCD,0,win_size,10000,7174,28696x38,30000,21522,21522,0.5334430117696654,0.880314351543952,0.4770526914971152,0.8801221509789321,0.6246418338108882,0.7218543046357616,0.5505050505050505,0.7904191616766467,0.6534653465346535,1.0,0.9975557042085036,1.0,0.9951234279570992,0.6064737439155579,0.7611940503120422,0.5040255188941956
181_Exathlon_id_8_Facility_tr_11663_1st_13482.csv,Time_RCD,0,win_size,10000,11663,46655x12,40000,34992,34992,0.9932940460540456,0.9989872410002054,0.9923445852377304,0.9989706582638151,0.974910394265233,0.98110614908966,0.9687924016282226,1.0,1.0,1.0,0.9996620718242308,0.9998489804077664,0.9994753330704448,0.9732736349105836,0.9758009314537048,0.9707594513893129
037_GHL_id_6_Sensor_tr_50000_1st_80001.csv,Time_RCD,0,win_size,10000,50000,200001x19,160000,150001,150001,0.011104080648794,0.49583378961378,0.0112385271499556,0.4952168016768401,0.021334473244472,0.0110685483870967,0.2942122186495177,0.0975711783314596,0.0512876893054448,1.0,0.8380304541640735,0.7559396791133381,0.9401225595110352,0.1264739334583282,0.0675682798027992,0.986492931842804
096_SVDB_id_13_Medical_tr_500_1st_444.csv,Time_RCD,0,win_size,10000,500,230400x2,230000,229900,229900,0.1486159116761309,0.637777249901548,0.0798441970394997,0.5869244677796848,0.2056166056166056,0.2740885416666667,0.1645173896053145,0.4178021978021978,0.3613038107003706,0.4952455386218575,0.721388292364658,0.5891627841705706,0.9301390568939244,0.1668181717395782,0.1796992719173431,0.1556602418422699
199_Exathlon_id_26_Facility_tr_12538_1st_12638.csv,Time_RCD,0,win_size,10000,12538,129197x19,120000,116659,116659,0.9819816497780168,0.996447730797708,0.9808632818246978,0.9964330304239868,0.9438119495504342,0.9330178376410628,0.9548587395218876,0.999534522885958,0.9990694789081884,1.0,0.9970236523611332,0.996115691578516,0.9979333700512552,0.9431810975074768,0.9320183396339417,0.9546144008636476
116_TAO_id_1_Environment_tr_500_1st_3.csv,Time_RCD,0,win_size,10000,500,10000x3,9500,9500,9500,0.3113141874737758,0.8435680752065872,0.1887455655404137,0.7483911902912451,0.3279248505550811,0.2723404255319149,0.4120171673819742,0.3353191489361702,0.2778561354019746,0.4227467811158798,0.738084037343918,0.7574512740265187,0.7196826034987893,0.3184040486812591,0.2585245966911316,0.4143835604190826
123_TAO_id_8_Environment_tr_500_1st_62.csv,Time_RCD,0,win_size,10000,500,10000x3,9500,9500,9500,0.3506717064379646,0.8656985513993928,0.2142788380696481,0.7835832621658447,0.3551251008878127,0.2853437094682231,0.4700854700854701,0.3598971722365038,0.3004291845493562,0.4487179487179487,0.7716488481006751,0.7722402252451162,0.7710584758565726,0.3456082046031952,0.2756735384464264,0.463087260723114
193_Exathlon_id_20_Facility_tr_8898_1st_8998.csv,Time_RCD,0,win_size,10000,8898,46650x7,40000,37752,37752,0.9485548111861758,0.9898909742204192,0.946145007586684,0.9898844582472264,0.8885068112683507,0.9152588555858312,0.8632742225648934,1.0,1.0,1.0,0.9951641534401056,0.9926774795994996,0.9976634173895294,0.8898169994354248,0.9266537427902222,0.8557969331741333
007_MSL_id_6_Sensor_tr_980_1st_3550.csv,Time_RCD,0,win_size,7272,980,3922x55,2942,2942,2942,0.2869627723166818,0.821475603939816,0.2915410599916611,0.8214483166089678,0.4984615384615384,0.4655172413793103,0.5364238410596026,0.9207317073170732,0.8531073446327684,1.0,0.8551455513266727,0.749146745760502,0.9960843414175158,0.5044503808021545,0.4939024448394775,0.5154587626457214
070_SMD_id_14_Facility_tr_1070_1st_1170.csv,Time_RCD,0,win_size,10000,1070,28743x38,30000,27673,27673,0.4347123239967675,0.9079171245335642,0.3524545140814587,0.9075379237562464,0.4749596122778675,0.7538461538461538,0.3466981132075472,0.8486772486772487,0.7696737044145874,0.945754716981132,0.8870771504689162,0.8224572224935702,0.9627173316717076,0.5057809352874756,0.8178603053092957,0.3660886883735657
001_Genesis_id_1_Sensor_tr_4055_1st_15538.csv,Time_RCD,0,win_size,10000,4055,16220x18,20000,12165,12165,0.0038496759225088,0.2635658274865868,0.0038364277667167,0.1947508598156555,0.0287081339712918,0.0188679245283018,0.06,0.396694214876033,0.25,0.96,0.7930290556577007,0.6798691312896737,0.9513804396950986,0.025255974382162,0.0178571436554193,0.0431235432624816
173_GECCO_id_1_Sensor_tr_16165_1st_16265.csv,Time_RCD,0,win_size,10000,16165,138521x9,130000,122356,122356,0.2668937813105107,0.7162868050114266,0.0813139963863353,0.5603425570970937,0.3501218521527213,0.5855978260869565,0.2497103128621089,0.4973966309341501,0.5276153346328785,0.4704519119351101,0.6933781110120808,0.5836576563648076,0.8539011310341859,0.1763986200094223,0.2855691015720367,0.1276132315397262
147_SMAP_id_4_Sensor_tr_2160_1st_6449.csv,Time_RCD,0,win_size,10000,2160,8640x25,6480,6480,6480,0.0137856292635187,0.3457064172728442,0.0138578893042719,0.3457350095329193,0.0286298568507157,0.0163360560093348,0.1157024793388429,0.4592030360531309,0.2980295566502463,1.0,0.7605105129821966,0.6681155692729767,0.8825617283950618,0.0503517650067806,0.0258545130491256,0.9591541290283204
187_Exathlon_id_14_Facility_tr_6193_1st_6293.csv,Time_RCD,0,win_size,10000,6193,46660x16,50000,40467,40467,0.988393492266838,0.9970421918539504,0.9877676509267858,0.9970265190275504,0.9673476514754672,0.9827922653893916,0.9523809523809524,1.0,1.0,1.0,0.9989933037198708,0.9986058275645272,0.9993811807643306,0.9683815836906432,0.978939950466156,0.9580484628677368
189_Exathlon_id_16_Facility_tr_11663_1st_13482.csv,Time_RCD,0,win_size,10000,11663,46655x12,40000,34992,34992,0.9932940460540456,0.9989872410002054,0.9923445852377304,0.9989706582638151,0.974910394265233,0.98110614908966,0.9687924016282226,1.0,1.0,1.0,0.9996620718242308,0.9998489804077664,0.9994753330704448,0.9732736349105836,0.9758009314537048,0.9707594513893129
063_SMD_id_7_Facility_tr_5923_1st_6506.csv,Time_RCD,0,win_size,10000,5923,23694x38,20000,17771,17771,0.2578100210798864,0.7023241314368355,0.249194569852417,0.7023110146680092,0.2893827160493827,0.3426900584795321,0.2504273504273504,0.9774436090225564,0.9558823529411764,1.0,0.891701022405086,0.8267312855182435,0.9677532595934478,0.3708586692810058,0.4632652997970581,0.3091858923435211
071_SMD_id_15_Facility_tr_1109_1st_1209.csv,Time_RCD,0,win_size,10000,1109,28700x38,30000,27591,27591,0.7714768337381953,0.9805348913813892,0.7363351930468292,0.980447245823121,0.7726495726495727,0.8158844765342961,0.7337662337662337,0.9235382308845578,0.8579387186629527,1.0,0.986608672056459,0.9770774145165106,0.9963278156214224,0.712602972984314,0.8625954389572144,0.6070466041564941
102_SVDB_id_19_Medical_tr_50000_1st_107354.csv,Time_RCD,0,win_size,10000,50000,230400x2,190000,180400,180400,0.2075124483989448,0.5061238421481044,0.1601256771148175,0.5035125449484272,0.2464808018842088,0.4609711124769514,0.1682117224880382,0.917728852838934,0.8652585579024035,0.9769736842105264,0.7504989517999315,0.603081110501387,0.993303272224123,0.2098983228206634,0.1897619813680648,0.2348154783248901
165_SMAP_id_22_Sensor_tr_2129_1st_5000.csv,Time_RCD,0,win_size,10000,2129,8516x25,6387,6387,6387,0.0762195271955939,0.4583140244269942,0.0723018307157514,0.4581111972013024,0.1177741761210156,0.0682529743268628,0.4291338582677165,0.9173076923076924,0.8966165413533834,0.938976377952756,0.809218514197955,0.7864118230717009,0.8333876519587121,0.22549869120121,0.1271450817584991,0.9958180785179138
138_CATSv2_id_1_Sensor_tr_16568_1st_16668.csv,Time_RCD,0,win_size,10000,16568,100000x17,90000,83432,83432,0.1713956102817494,0.6490527403232145,0.1680045787727321,0.6490525213265874,0.3621285418106427,0.335753951302862,0.393,0.8525149190110827,0.7429420505200595,1.0,0.7581825892899366,0.615542935008422,0.9868698973386448,0.4666885733604431,0.4526796042919159,0.4815922975540161
155_SMAP_id_12_Sensor_tr_1907_1st_4800.csv,Time_RCD,0,win_size,10000,1907,7628x25,5721,5721,5721,0.0261608955109658,0.7953833385205933,0.025897781357889,0.795449043815057,0.058252427184466,0.0387096774193548,0.1176470588235294,0.6496815286624203,0.4811320754716981,1.0,0.7902566678293911,0.6919244887257472,0.9211676280370564,0.1016776785254478,0.0909090936183929,0.1153402552008628
083_LTDB_id_5_Medical_tr_15502_1st_15602.csv,Time_RCD,0,win_size,10000,15502,100000x2,90000,84498,84498,0.0289469813598206,0.8686556270071069,0.0293899722945956,0.8658581362999801,0.0667245873153779,0.0365714285714285,0.3801980198019802,0.353009935710111,0.2504145936981758,0.598019801980198,0.860632163139312,0.7661555725621664,0.9816865369673524,0.0721874311566352,0.040170032531023,0.3556855320930481
168_SMAP_id_25_Sensor_tr_1998_1st_2098.csv,Time_RCD,0,win_size,10000,1998,8579x25,6581,6581,6581,0.4616046277873168,0.7058140364709,0.4500764505414477,0.705859489162719,0.5724381625441696,0.8181818181818182,0.4402173913043478,0.9865951742627346,0.9735449735449736,1.0,0.995136771590292,1.0,0.9903207152667616,0.5856537222862244,0.8469387888908386,0.4475746154785156
150_SMAP_id_7_Sensor_tr_2077_1st_5394.csv,Time_RCD,0,win_size,10000,2077,8310x25,6233,6233,6233,0.1417490024483023,0.7371875358741822,0.1330188569355378,0.7372410481957677,0.2511773940345368,0.2247191011235955,0.2846975088967972,0.9198036006546644,0.8515151515151516,1.0,0.9110621241452616,0.8596983795924916,0.9689535608028214,0.248853787779808,0.218666672706604,0.2887105643749237
167_SMAP_id_24_Sensor_tr_2094_1st_5600.csv,Time_RCD,0,win_size,10000,2094,8376x25,6282,6282,6282,0.6080414671839888,0.9806472539969752,0.5529139947270354,0.9805984031639708,0.6582278481012658,0.6842105263157895,0.6341463414634146,0.7008547008547008,0.5394736842105263,1.0,0.999313236212037,1.0,0.9986275149284444,0.6419752836227417,0.6499999761581421,0.6341463327407837
053_GHL_id_22_Sensor_tr_50000_1st_126448.csv,Time_RCD,0,win_size,10000,50000,200001x19,160000,150001,150001,0.0268199030528077,0.2683980487792061,0.0270016897209391,0.2677823461232165,0.0290086265077982,0.0157597898694684,0.1820702402957486,0.2510585660592797,0.1484555224216508,0.8128465804066544,0.444795707386079,0.4070999708723136,0.4901848629726825,0.1320684850215912,0.0709513276815414,0.9528448581695556
052_GHL_id_21_Sensor_tr_50000_1st_98001.csv,Time_RCD,0,win_size,10000,50000,200001x19,160000,150001,150001,0.0040343170306233,0.2719741523852184,0.0040695060795195,0.2719504805984294,0.0041495420967081,0.0021017402945113,0.1616889804325437,0.0457576400179072,0.0234145165179647,1.0,0.7827323750194616,0.6624332075409927,0.9564202905313964,0.0406471453607082,0.0207496508955955,0.989738404750824
114_SVDB_id_31_Medical_tr_25000_1st_63090.csv,Time_RCD,0,win_size,10000,25000,100000x2,80000,75000,75000,0.0057005050484012,0.4775846872167599,0.0057122131882914,0.4775979069455861,0.0121588546464194,0.00616,0.4647887323943662,0.1452579278094403,0.0783170501103057,1.0,0.6374949724561901,0.4680251737777777,0.9993581891348088,0.0280750468373298,0.0142613546922802,0.8943990468978882
190_Exathlon_id_17_Facility_tr_12538_1st_12638.csv,Time_RCD,0,win_size,10000,12538,129197x19,120000,116659,116659,0.9819816497780168,0.996447730797708,0.9808632818246978,0.9964330304239868,0.9438119495504342,0.9330178376410628,0.9548587395218876,0.999534522885958,0.9990694789081884,1.0,0.9970236523611332,0.996115691578516,0.9979333700512552,0.9431810975074768,0.9320183396339417,0.9546144008636476
094_SVDB_id_11_Medical_tr_20100_1st_23611.csv,Time_RCD,0,win_size,10000,20100,80400x2,70000,60300,60300,0.1165762878197132,0.7724637471870224,0.1160115820635645,0.7595817560824721,0.2711234911792015,0.2415219189412737,0.308994708994709,0.5811665495432186,0.4350341925302472,0.8751322751322751,0.75292304281075,0.6064887861089608,0.99257681072826,0.282691091299057,0.2536347806453705,0.3192660212516784
029_MITDB_id_11_Medical_tr_50000_1st_518037.csv,Time_RCD,0,win_size,10000,50000,600000x2,550000,550000,550000,0.4021360070653282,0.6310663612793954,0.1744537629609527,0.6306051072633704,0.4717840869260428,0.6101541251133273,0.3845714285714285,0.4308752923796627,0.2745959516711125,1.0,0.97225369261882,0.9624124219766454,0.9822984109937996,0.4557531774044037,0.517792284488678,0.4069898128509521
095_SVDB_id_12_Medical_tr_6264_1st_6364.csv,Time_RCD,0,win_size,10000,6264,230400x2,230000,224136,224136,0.1084752857046516,0.5623559490071618,0.0529571782678688,0.5102423418085934,0.1362858580775037,0.2739781464993929,0.0907020364415862,0.4341226472374013,0.3969575838330002,0.4789657020364415,0.68875166032054,0.544159466418099,0.9379917491492844,0.1209513321518898,0.2701309025287628,0.0779200494289398
009_MSL_id_8_Sensor_tr_714_1st_1390.csv,Time_RCD,0,win_size,7272,714,2856x55,2142,2142,2142,0.015338808140671,0.6922161603915493,0.0153999218415162,0.6918793920208347,0.0430839002267573,0.0220673635307781,0.9047619047619048,0.0893617021276595,0.0467706013363029,1.0,0.7568155347106331,0.7450980392156863,0.7689075630252101,0.0915326327085495,0.0484693869948387,0.8206456899642944
098_SVDB_id_15_Medical_tr_500_1st_303.csv,Time_RCD,0,win_size,10000,500,230400x2,230000,229900,229900,0.1831248010140171,0.6395641265316383,0.1298193186044677,0.6039110461999357,0.2094121703154628,0.2092606628539929,0.2095638973226607,0.5484635437238329,0.6413264363569185,0.4790919127794645,0.7260070214553918,0.6252440210516503,0.8654872228673713,0.2005157172679901,0.2083560526371002,0.1932440251111984
177_Exathlon_id_4_Facility_tr_11665_1st_13484.csv,Time_RCD,0,win_size,10000,11665,46660x18,40000,34995,34995,0.9963559162463484,0.9996518772767604,0.9951854975595876,0.9996363861031404,0.968986905582357,0.9777468706536856,0.9603825136612022,1.0,1.0,1.0,0.9996762448663066,1.0,0.999352799234808,0.969775140285492,0.9838369488716124,0.956109583377838
093_SVDB_id_10_Medical_tr_500_1st_37.csv,Time_RCD,0,win_size,10000,500,230400x2,230000,229900,229900,0.2330124673163085,0.6860841415930652,0.195063561175324,0.646919209115753,0.345605547075108,0.3221434428206241,0.3727536555419131,0.5614334098109909,0.4613423349014256,0.7169885031811586,0.7544615388850772,0.6752904095100177,0.8546623703968645,0.3201831877231598,0.3173282146453857,0.323089987039566
174_Exathlon_id_1_Facility_tr_10766_1st_12590.csv,Time_RCD,0,win_size,10000,10766,43066x18,40000,32300,32300,0.8177099440579247,0.8871746941550047,0.8164844916548484,0.8871518339092147,0.7912829957028852,0.8916301590961494,0.7112378149714916,0.9988976667279074,0.9977977610570749,1.0,0.942493641349629,0.8978715203120542,0.9917830514875936,0.7849105000495911,0.8927415609359741,0.7003211379051208
103_SVDB_id_20_Medical_tr_12167_1st_12267.csv,Time_RCD,0,win_size,10000,12167,230400x2,220000,218233,218233,0.0568062884031974,0.6223757843924109,0.0516847061604721,0.6018584150850095,0.1186631091138885,0.1044370287974292,0.1373760364168428,0.4507743793291306,0.4323678710062705,0.47081775321086,0.6975708789750057,0.540797077587911,0.9823476489480554,0.113733485341072,0.0940575301647186,0.1438190788030624
021_MITDB_id_3_Medical_tr_50000_1st_57595.csv,Time_RCD,0,win_size,10000,50000,500000x2,450000,450000,450000,0.1505211359342542,0.7183430346350196,0.1201909062553344,0.7177893080867285,0.2446978200508064,0.2551435259332266,0.2350737797956867,0.7862447047096935,0.7008440693025322,0.8953461975028377,0.8770146893641206,0.8332060417190141,0.9256858852609332,0.2713321149349212,0.2692255079746246,0.2734719514846802
041_GHL_id_10_Sensor_tr_50000_1st_57001.csv,Time_RCD,0,win_size,10000,50000,200001x19,160000,150001,150001,0.0082594919250549,0.3245987812780159,0.0083038073020377,0.3245857141074097,0.0121525970646403,0.0062265836455513,0.2517520215633423,0.077603698203192,0.0403682103064066,1.0,0.7234657830706425,0.6091401696642851,0.8906208126238282,0.3100367188453674,0.1838817745447158,0.987583875656128
171_SWaT_id_1_Sensor_tr_3749_1st_9522.csv,Time_RCD,0,win_size,6060,3749,14996x66,12120,11247,11247,0.1335906064202382,0.3218161239463416,0.1285376252903844,0.2718550649637988,0.1379763469119579,0.0933499288762446,0.2643504531722054,0.3649488670543412,0.3032322559146951,0.458207452165156,0.6084530406655762,0.5434502094512795,0.6911188320327591,0.3347986340522766,0.2011396884918213,0.9979335069656372
104_SVDB_id_21_Medical_tr_50000_1st_106634.csv,Time_RCD,0,win_size,10000,50000,230400x2,190000,180400,180400,0.1742640776485993,0.4818222924652511,0.1477778087627788,0.4563987680492296,0.3011371420742567,0.2895152792413066,0.3137310876391664,0.7746560295987975,0.6509910610182666,0.9563231515843562,0.8881248730994967,0.8738156421078526,0.902910653178308,0.4022475779056549,0.511868953704834,0.3312972784042358
129_OPPORTUNITY_id_1_HumanActivity_tr_1801_1st_1901.csv,Time_RCD,0,win_size,1612,1801,24693x248,24180,22892,22892,0.1134809774881526,0.8833470094476228,0.1141933726034489,0.8833493553542441,0.2406289998171512,0.1385846672283066,0.912621359223301,0.8707729468599034,0.7711229946524064,1.0,0.8701726181647101,0.7779186679981678,0.9872516311020972,0.2411301434040069,0.1393234729766845,0.8954675793647766
132_OPPORTUNITY_id_4_HumanActivity_tr_895_1st_995.csv,Time_RCD,0,win_size,1612,895,9323x248,9672,8428,8428,0.7428952038007808,0.992774072613598,0.7555542275608351,0.9927476411724702,0.8814968814968815,0.8091603053435115,0.9680365296803652,0.9690265486725664,0.9399141630901288,1.0,0.9676739517981252,0.9374013030159216,0.99996722167682,0.9755010604858398,0.9521738886833192,1.0
130_OPPORTUNITY_id_2_HumanActivity_tr_1045_1st_1145.csv,Time_RCD,0,win_size,1612,1045,5162x248,4836,4117,4117,0.0840535159830884,0.350892681797778,0.0849312448672383,0.3508973576665544,0.0303635637235317,0.0186823992133726,0.0810234541577825,0.6685673556664291,0.5021413276231264,1.0,0.8362469916485588,0.7781556149299652,0.9037115594863048,0.8064915537834167,0.754325270652771,0.8664090633392334
133_OPPORTUNITY_id_5_HumanActivity_tr_1745_1st_6500.csv,Time_RCD,0,win_size,1612,1745,6980x248,6448,5235,5235,0.1061618770160905,0.2108469155275149,0.1096173026115652,0.2108173413950227,0.2364963503649635,0.3951219512195122,0.16875,0.962888665997994,0.9284332688588008,1.0,0.9456589948562444,0.9396488134597016,0.9517466571155684,0.2368420958518982,0.3970588147640228,0.1687500029802322
134_OPPORTUNITY_id_6_HumanActivity_tr_1477_1st_1577.csv,Time_RCD,0,win_size,1612,1477,16515x248,16120,15038,15038,0.7796198180065039,0.9971124985971128,0.797428550955853,0.9970574382753647,0.8638613861386139,0.7704194260485652,0.9830985915492958,0.9607577807848444,0.9244791666666666,1.0,0.9841682073563918,0.9688539034446074,0.999974524631497,0.9363360404968262,0.8869346976280212,0.9915651679039
136_OPPORTUNITY_id_8_HumanActivity_tr_1495_1st_1595.csv,Time_RCD,0,win_size,1612,1495,26969x248,25792,25474,25474,0.0271794536488438,0.5996417079158114,0.0273415274851017,0.5994756489194736,0.0695665239275787,0.0364969257449156,0.7408,0.4203093476798924,0.2660706683695189,1.0,0.6506782018098634,0.4841765902907864,0.9917155559898826,0.0775497779250145,0.0404013395309448,0.9631749391555786
135_OPPORTUNITY_id_7_HumanActivity_tr_2085_1st_2185.csv,Time_RCD,0,win_size,1612,2085,21706x248,20956,19621,19621,0.0921725684106385,0.4104181731391508,0.1018820690154511,0.4103065245921976,0.2846553002223869,0.3615819209039548,0.2347188264058679,0.8915531335149863,0.8043264503441495,1.0,0.8621999441576588,0.7752577121678079,0.9711059268724532,0.4603064954280853,0.4457274973392486,0.4758714735507965
